behavior,reserve_months,line_count,asset_volatility,years,replications,paths,median_final,p10,p90,drawdown_median,forced_withdrawal_median
interruption,0,5,0.12000000,5,5,1500,24596.93325247,20705.58875174,30133.38276760,0.17509673,3600.00000000
interruption,0,5,0.12000000,10,5,1500,51643.22337661,41570.60923115,63424.48894069,0.17330700,3600.00000000
interruption,0,5,0.12000000,20,5,1500,126707.18159698,93318.12410895,177687.63622950,0.17435670,3600.00000000
interruption,0,5,0.12000000,30,5,1500,245160.78094873,168835.80278193,371808.16298004,0.18593985,3600.00000000
interruption,0,5,0.20000000,5,5,1500,24212.75681514,17730.26369388,33118.17035619,0.21396370,3600.00000000
interruption,0,5,0.20000000,10,5,1500,49411.01778949,35264.43773789,74491.01634625,0.23186063,3600.00000000
interruption,0,5,0.20000000,20,5,1500,118848.18677007,72541.87060478,202706.71930179,0.27175873,3600.00000000
interruption,0,5,0.20000000,30,5,1500,225909.73456740,125367.17640440,426323.37695755,0.31299808,3600.00000000
interruption,0,15,0.12000000,5,5,1500,24908.77486497,20894.98970861,29596.71479996,0.16709221,3600.00000000
interruption,0,15,0.12000000,10,5,1500,51656.90180804,42274.10549057,62994.69485440,0.16538151,3600.00000000
interruption,0,15,0.12000000,20,5,1500,126424.18159404,94989.92130008,173000.98054914,0.16912182,3600.00000000
interruption,0,15,0.12000000,30,5,1500,247375.42685652,175816.07149549,360556.75996110,0.17728455,3600.00000000
interruption,0,15,0.20000000,5,5,1500,24378.03606570,18567.65999925,32145.13092067,0.20083768,3600.00000000
interruption,0,15,0.20000000,10,5,1500,50879.63314166,36643.72065973,70103.99659398,0.21765305,3600.00000000
interruption,0,15,0.20000000,20,5,1500,121658.55846240,76422.15721147,201313.48370958,0.25138451,3600.00000000
interruption,0,15,0.20000000,30,5,1500,222978.56319151,127769.81023056,436217.94877077,0.27866386,3600.00000000
interruption,6,5,0.12000000,5,5,1500,26828.72161069,22589.96224935,32517.68490785,0.10884380,1800.00000000
interruption,6,5,0.12000000,10,5,1500,54227.69720277,43923.05453125,67891.66899518,0.11626298,1800.00000000
interruption,6,5,0.12000000,20,5,1500,130279.63035194,97087.80587868,185944.27355752,0.13587441,1800.00000000
interruption,6,5,0.12000000,30,5,1500,258227.45890960,173898.61959894,385091.06010301,0.15705732,1800.00000000
interruption,6,5,0.20000000,5,5,1500,26205.34260332,19584.85928611,36184.30525909,0.16001949,1800.00000000
interruption,6,5,0.20000000,10,5,1500,51976.25808527,36311.21942963,77094.41770798,0.19365220,1800.00000000
interruption,6,5,0.20000000,20,5,1500,123497.19672035,76352.06161709,213476.89726783,0.25724444,1800.00000000
interruption,6,5,0.20000000,30,5,1500,225056.16786740,127406.94483878,453351.25133034,0.30028310,1800.00000000
interruption,6,15,0.12000000,5,5,1500,26544.89187909,22789.99757671,31757.59411264,0.10196003,1800.00000000
interruption,6,15,0.12000000,10,5,1500,53601.47656771,44195.93336668,66660.78469903,0.10637910,1800.00000000
interruption,6,15,0.12000000,20,5,1500,132622.38762491,100880.57971932,181057.36145664,0.11878336,1800.00000000
interruption,6,15,0.12000000,30,5,1500,258613.77421638,175746.87038838,376033.67863765,0.14023204,1800.00000000
interruption,6,15,0.20000000,5,5,1500,26050.08452387,19888.03134364,34302.29546359,0.15288073,1800.00000000
interruption,6,15,0.20000000,10,5,1500,52803.10137424,37819.94848119,74754.16449721,0.17488942,1800.00000000
interruption,6,15,0.20000000,20,5,1500,124746.63453400,80663.16325921,209696.62717881,0.22226699,1800.00000000
interruption,6,15,0.20000000,30,5,1500,234667.83364615,130886.07212188,435472.32666133,0.26857806,1800.00000000
regular,0,5,0.12000000,5,5,1500,32900.64259201,27956.76531314,38903.89419608,0.04478923,0.00000000
regular,0,5,0.12000000,10,5,1500,61907.55799425,48544.96556888,78815.43261919,0.07420008,0.00000000
regular,0,5,0.12000000,20,5,1500,141809.51805307,103766.02838615,198552.66512844,0.11638090,0.00000000
regular,0,5,0.12000000,30,5,1500,271457.02698986,179424.51509883,411118.98481938,0.14780380,0.00000000
regular,0,5,0.20000000,5,5,1500,32006.30275394,24752.06417759,43400.49174626,0.10853406,0.00000000
regular,0,5,0.20000000,10,5,1500,59720.04485026,40822.95221156,87295.85110969,0.16522501,0.00000000
regular,0,5,0.20000000,20,5,1500,132893.50547966,78246.74861816,235141.12003591,0.24324966,0.00000000
regular,0,5,0.20000000,30,5,1500,233270.54916770,129751.07582276,498247.29856963,0.30002587,0.00000000
regular,0,15,0.12000000,5,5,1500,33000.56688407,28177.30200028,38446.10326546,0.03792840,0.00000000
regular,0,15,0.12000000,10,5,1500,61385.50147228,49674.79925442,76087.80945647,0.06400228,0.00000000
regular,0,15,0.12000000,20,5,1500,145649.71342459,107487.55480423,195448.41816040,0.09907365,0.00000000
regular,0,15,0.12000000,30,5,1500,274834.75298737,192629.92772979,398223.09463893,0.12507085,0.00000000
regular,0,15,0.20000000,5,5,1500,32329.36392667,24741.62460043,41838.22801612,0.09276474,0.00000000
regular,0,15,0.20000000,10,5,1500,59119.24421272,42561.88361302,85327.93743533,0.14498225,0.00000000
regular,0,15,0.20000000,20,5,1500,136850.43839530,86733.21426956,220583.64352425,0.21244982,0.00000000
regular,0,15,0.20000000,30,5,1500,251610.51301434,144090.57033519,479526.26202896,0.26198833,0.00000000
regular,6,5,0.12000000,5,5,1500,32984.36332158,28050.70941961,39098.58424487,0.04590158,0.00000000
regular,6,5,0.12000000,10,5,1500,61732.55160279,48253.94331996,77388.19403428,0.07358476,0.00000000
regular,6,5,0.12000000,20,5,1500,144223.74749850,101938.57505969,202169.82225444,0.11810005,0.00000000
regular,6,5,0.12000000,30,5,1500,268970.98591216,183696.34959197,407168.87914182,0.14566235,0.00000000
regular,6,5,0.20000000,5,5,1500,32342.69656862,24705.62634640,42491.33801566,0.10943528,0.00000000
regular,6,5,0.20000000,10,5,1500,58639.78000194,40947.03035555,90050.10987934,0.16298099,0.00000000
regular,6,5,0.20000000,20,5,1500,129499.73782683,78143.13756774,235577.52074266,0.24561365,0.00000000
regular,6,5,0.20000000,30,5,1500,247326.87620963,131929.07201864,509954.55392097,0.29931914,0.00000000
regular,6,15,0.12000000,5,5,1500,32885.98236495,28184.32408395,39390.65969573,0.03847893,0.00000000
regular,6,15,0.12000000,10,5,1500,62153.31940609,50627.45290004,76366.77866572,0.06315362,0.00000000
regular,6,15,0.12000000,20,5,1500,143071.72681352,107090.06778510,198729.21864611,0.09956411,0.00000000
regular,6,15,0.12000000,30,5,1500,277018.56899012,186948.30496827,407303.97927416,0.12535404,0.00000000
regular,6,15,0.20000000,5,5,1500,32325.88041578,24842.17976401,41481.79603346,0.09192460,0.00000000
regular,6,15,0.20000000,10,5,1500,60336.78956435,43198.55665832,85439.31790266,0.14079035,0.00000000
regular,6,15,0.20000000,20,5,1500,132586.09098586,84192.62611419,222048.19667839,0.21792242,0.00000000
regular,6,15,0.20000000,30,5,1500,245099.47028623,145050.05172397,468858.18870880,0.26378960,0.00000000
