lineCount,years,seed,paths,finalP10,finalMedian,finalP90,drawdownMedian,drawdownP90
2,5,104729,1500,22273.81,32031.63,46006.87,0.158057,0.245061
2,5,130363,1500,22421.43,31947.15,45508.15,0.155598,0.240707
2,5,155921,1500,22562.38,31873.63,45775.64,0.154846,0.239386
2,5,181081,1500,22270.88,32063.71,46307.74,0.156373,0.241843
2,5,206369,1500,22441.75,31899.89,45964.79,0.153908,0.239382
2,10,104729,1500,36601.23,58672.11,95962.53,0.227691,0.339312
2,10,130363,1500,36484.28,58732.79,94560.22,0.228046,0.338956
2,10,155921,1500,36170.66,58905.43,95349.21,0.229188,0.341178
2,10,181081,1500,36697.17,58621.34,96388.77,0.226916,0.337679
2,10,206369,1500,36512.13,58791.45,95486.83,0.229074,0.339933
2,20,104729,1500,66198.66,132869.61,254451.69,0.327142,0.460366
2,20,130363,1500,66059.48,132524.17,252998.14,0.326499,0.459725
2,20,155921,1500,65488.11,133042.70,255976.28,0.328458,0.462025
2,20,181081,1500,66403.83,132740.10,253981.75,0.326906,0.459844
2,20,206369,1500,65912.37,133156.37,254135.22,0.327989,0.461077
2,30,104729,1500,105320.22,242734.75,545358.01,0.397033,0.547060
2,30,130363,1500,104888.61,242155.66,539604.52,0.395744,0.545381
2,30,155921,1500,106044.19,243027.13,548829.66,0.398528,0.548817
2,30,181081,1500,105772.84,242536.27,543916.18,0.396864,0.546629
2,30,206369,1500,104997.35,243194.43,544778.97,0.397842,0.547735
3,5,104729,1500,23536.61,31872.03,44602.49,0.131628,0.205597
3,5,130363,1500,23388.45,31981.37,44414.93,0.130911,0.204243
3,5,155921,1500,23611.28,31820.75,44816.17,0.132107,0.206174
3,5,181081,1500,23493.76,31924.90,44588.32,0.131472,0.205311
3,5,206369,1500,23572.43,31854.28,44703.88,0.131781,0.205814
3,10,104729,1500,38913.44,58574.33,91377.62,0.197219,0.297798
3,10,130363,1500,38794.86,58466.45,90966.31,0.196742,0.296581
3,10,155921,1500,39104.72,58639.18,91608.79,0.198046,0.298537
3,10,181081,1500,38856.13,58511.07,91211.45,0.197033,0.297192
3,10,206369,1500,38966.75,58608.91,91422.83,0.197664,0.298105
3,20,104729,1500,72712.38,132695.16,243266.98,0.286198,0.405617
3,20,130363,1500,72488.19,132421.57,241948.33,0.284977,0.403880
3,20,155921,1500,73104.55,132883.72,244116.27,0.287109,0.406821
3,20,181081,1500,72635.74,132579.88,242704.51,0.285761,0.405107
3,20,206369,1500,72884.91,132812.44,243512.09,0.286532,0.406043
3,30,104729,1500,118589.31,244823.87,519229.82,0.347359,0.480803
3,30,130363,1500,118227.45,244211.33,515688.21,0.346074,0.479211
3,30,155921,1500,119014.82,245136.79,522404.55,0.348608,0.482176
3,30,181081,1500,118744.66,244617.51,518337.42,0.347024,0.480224
3,30,206369,1500,118412.73,245001.25,520116.78,0.347791,0.481092
4,5,104729,1500,24177.34,31902.75,43807.12,0.118945,0.186694
4,5,130363,1500,24065.27,31977.48,43628.77,0.118242,0.185510
4,5,155921,1500,24244.86,31851.36,44011.03,0.119411,0.187384
4,5,181081,1500,24139.92,31936.89,43765.45,0.118713,0.186203
4,5,206369,1500,24211.58,31879.17,43892.64,0.119087,0.186831
4,10,104729,1500,40411.08,58467.12,88797.33,0.181024,0.272693
4,10,130363,1500,40295.56,58371.49,88408.16,0.180233,0.271469
4,10,155921,1500,40582.73,58533.64,89022.57,0.181635,0.273317
4,10,181081,1500,40352.14,58413.06,88639.12,0.180702,0.272087
4,10,206369,1500,40459.88,58505.77,88841.49,0.181241,0.272854
4,20,104729,1500,75742.18,133191.44,235458.37,0.264095,0.374965
4,20,130363,1500,75528.61,132938.51,234221.09,0.262974,0.373351
4,20,155921,1500,76119.44,133362.88,236282.45,0.264986,0.376113
4,20,181081,1500,75673.25,133083.29,234916.72,0.263684,0.374471
4,20,206369,1500,75911.17,133297.66,235694.04,0.264432,0.375237
4,30,104729,1500,122237.89,245037.12,503654.74,0.321195,0.447130
4,30,130363,1500,121896.63,244469.81,500368.92,0.319987,0.445642
4,30,155921,1500,122633.42,245302.77,506619.18,0.322311,0.448379
4,30,181081,1500,122380.64,244844.95,502844.33,0.320879,0.446518
4,30,206369,1500,122071.18,245188.34,504516.09,0.321583,0.447421
5,5,104729,1500,24668.23,31984.06,43150.82,0.110432,0.174483
5,5,130363,1500,24566.51,32052.72,42983.64,0.109766,0.173401
5,5,155921,1500,24731.47,31937.15,43340.21,0.110851,0.175116
5,5,181081,1500,24633.88,32015.43,43111.72,0.110211,0.174039
5,5,206369,1500,24701.02,31962.84,43230.45,0.110559,0.174612
5,10,104729,1500,41220.74,58465.37,87051.62,0.169745,0.257648
5,10,130363,1500,41108.29,58376.84,86688.95,0.169021,0.256487
5,10,155921,1500,41377.58,58527.14,87261.39,0.170304,0.258241
5,10,181081,1500,41161.46,58415.31,86904.12,0.169453,0.257074
5,10,206369,1500,41262.19,58501.88,87092.56,0.169946,0.257803
5,20,104729,1500,77888.54,133165.92,229760.85,0.249366,0.356024
5,20,130363,1500,77684.93,132926.11,228602.73,0.248312,0.354496
5,20,155921,1500,78244.16,133328.47,230530.61,0.250201,0.357112
5,20,181081,1500,77822.67,133063.55,229253.04,0.248979,0.355553
5,20,206369,1500,78048.83,133266.21,229981.49,0.249681,0.356281
5,30,104729,1500,131292.23,246428.31,500035.53,0.301185,0.421334
5,30,130363,1500,130966.48,245887.96,496958.77,0.300049,0.419915
5,30,155921,1500,131669.17,246683.46,502815.12,0.302236,0.422524
5,30,181081,1500,131427.91,246245.19,499281.41,0.300891,0.420749
5,30,206369,1500,131132.86,246572.08,500846.73,0.301553,0.421592
8,5,104729,1500,25393.24,31916.61,42061.77,0.096349,0.152623
8,5,130363,1500,25305.17,31976.38,41911.16,0.095725,0.151618
8,5,155921,1500,25449.96,31875.77,42231.35,0.096735,0.153210
8,5,181081,1500,25363.15,31943.97,42026.48,0.096140,0.152209
8,5,206369,1500,25423.11,31898.13,42133.92,0.096461,0.152741
8,10,104729,1500,42637.28,58481.74,83722.98,0.150634,0.230829
8,10,130363,1500,42532.62,58400.19,83398.71,0.149978,0.229732
8,10,155921,1500,42779.65,58538.72,83910.31,0.151141,0.231389
8,10,181081,1500,42581.37,58435.64,83591.03,0.150371,0.230284
8,10,206369,1500,42674.02,58515.38,83759.44,0.150817,0.230974
8,20,104729,1500,81147.63,133576.82,220369.74,0.223814,0.320057
8,20,130363,1500,80957.18,133352.59,219294.17,0.222827,0.318620
8,20,155921,1500,81478.66,133728.44,221081.52,0.224596,0.321081
8,20,181081,1500,81085.74,133480.63,219897.33,0.223451,0.319616
8,20,206369,1500,81296.58,133670.18,220572.14,0.224109,0.320300
8,30,104729,1500,138562.60,247247.19,480882.26,0.272284,0.385023
8,30,130363,1500,138253.91,246739.42,478036.11,0.271227,0.383688
8,30,155921,1500,138917.53,247486.05,483452.37,0.273261,0.386141
8,30,181081,1500,138689.72,247075.39,480183.74,0.272011,0.384477
8,30,206369,1500,138410.88,247381.66,481631.08,0.272626,0.385264
10,5,104729,1500,25615.71,31906.78,41633.42,0.092313,0.146583
10,5,130363,1500,25531.61,31963.65,41489.76,0.091714,0.145616
10,5,155921,1500,25670.51,31867.91,41795.12,0.092684,0.147147
10,5,181081,1500,25587.18,31932.85,41599.71,0.092113,0.146184
10,5,206369,1500,25644.79,31889.21,41702.03,0.092421,0.146696
10,10,104729,1500,43157.62,58529.43,82506.38,0.144758,0.222209
10,10,130363,1500,43056.98,58450.97,82197.01,0.144129,0.221156
10,10,155921,1500,43294.27,58584.11,82684.98,0.145244,0.222746
10,10,181081,1500,43103.86,58485.03,82380.55,0.144506,0.221685
10,10,206369,1500,43192.89,58561.72,82541.18,0.144934,0.222348
10,20,104729,1500,82299.91,133885.23,217087.84,0.215929,0.309412
10,20,130363,1500,82115.99,133669.11,216050.37,0.214976,0.308023
10,20,155921,1500,82618.99,134031.21,217773.33,0.216684,0.310405
10,20,181081,1500,82239.93,133792.46,216632.12,0.215579,0.308987
10,20,206369,1500,82443.23,133974.89,217282.62,0.216214,0.309649
10,30,104729,1500,140857.62,247613.28,487453.41,0.265462,0.374209
10,30,130363,1500,140557.79,247119.93,484697.12,0.264438,0.372914
10,30,155921,1500,141201.34,247845.28,489943.06,0.266409,0.375294
10,30,181081,1500,140980.21,247446.45,486777.83,0.265198,0.373680
10,30,206369,1500,140709.64,247743.95,488179.72,0.265794,0.374442
15,5,104729,1500,25932.65,31931.42,41028.14,0.086734,0.137825
15,5,130363,1500,25853.73,31984.84,40892.66,0.086168,0.136911
15,5,155921,1500,25984.13,31894.93,41180.31,0.087086,0.138356
15,5,181081,1500,25905.97,31955.93,40996.20,0.086546,0.137447
15,5,206369,1500,25959.98,31914.95,41092.54,0.086837,0.137930
15,10,104729,1500,43885.74,58463.67,80871.14,0.136489,0.209904
15,10,130363,1500,43790.37,58389.26,80577.89,0.135893,0.208907
15,10,155921,1500,44015.11,58515.43,81040.39,0.136949,0.210414
15,10,181081,1500,43834.79,58421.58,80751.92,0.136250,0.209408
15,10,206369,1500,43919.13,58494.28,80904.03,0.136655,0.210036
15,20,104729,1500,84032.22,133423.11,212608.32,0.204403,0.293401
15,20,130363,1500,83856.24,133216.42,211615.88,0.203506,0.292093
15,20,155921,1500,84337.33,133562.61,213265.03,0.205113,0.294336
15,20,181081,1500,83974.94,133334.25,212172.49,0.204074,0.293000
15,20,206369,1500,84169.29,133508.74,212795.44,0.204671,0.293623
15,30,104729,1500,144951.10,247476.41,459754.03,0.249546,0.352481
15,30,130363,1500,144662.78,247001.72,457165.38,0.248584,0.351263
15,30,155921,1500,145281.66,247699.66,462092.44,0.250436,0.353501
15,30,181081,1500,145069.03,247315.78,459119.67,0.249298,0.351981
15,30,206369,1500,144808.78,247602.51,460435.82,0.249858,0.352698
20,5,104729,1500,26114.83,31946.58,40747.86,0.084028,0.133552
20,5,130363,1500,26038.87,31997.99,40616.90,0.083481,0.132669
20,5,155921,1500,26164.41,31911.46,40894.88,0.084367,0.134065
20,5,181081,1500,26089.12,31970.17,40716.92,0.083846,0.133188
20,5,206369,1500,26141.16,31930.73,40810.03,0.084127,0.133654
20,10,104729,1500,44224.14,58448.44,80069.09,0.132736,0.203635
20,10,130363,1500,44131.96,58376.54,79784.80,0.132159,0.202669
20,10,155921,1500,44349.28,58498.46,80233.02,0.133181,0.204128
20,10,181081,1500,44174.94,58407.78,79953.43,0.132504,0.203154
20,10,206369,1500,44256.49,58478.04,80100.78,0.132896,0.203761
20,20,104729,1500,84920.87,133315.21,210237.39,0.198987,0.285766
20,20,130363,1500,84749.83,133114.36,209278.95,0.198121,0.284502
20,20,155921,1500,85217.31,133450.69,210871.24,0.199672,0.286670
20,20,181081,1500,84865.21,133228.82,209816.59,0.198669,0.285378
20,20,206369,1500,85054.08,133398.31,210417.91,0.199245,0.285980
20,30,104729,1500,147333.00,247450.07,464190.07,0.243650,0.342800
20,30,130363,1500,147052.91,246989.25,461691.14,0.242720,0.341622
20,30,155921,1500,147654.10,247666.61,466447.33,0.244510,0.343786
20,30,181081,1500,147447.55,247294.07,463577.46,0.243410,0.342318
20,30,206369,1500,147194.77,247572.11,464846.28,0.243951,0.343011
